overall_accuracy,group_accuracy,difference
0.999960679149726,"{0: 0.9999539043053379, 1: 0.9999677819482256}",1.3877642887627495e-05
