direction_id,accuracy,recall,selection_rate
0,0.41970129989858945,0.6666666666666666,0.5803140653329646
1,0.9563767578974499,0.5,0.04362324210255006
