feature,mean_abs_shap
direction_id,1.9660510673384055
stop_sequence,0.16080124064689091
